<DOMDocument xmlns:xsi="http://www.w3.org/2001/XMLSchema-instance" xmlns="http://ns.adobe.com/xfl/2008/" width="960" height="160" frameRate="60" currentTimeline="1" xflVersion="2.980" creatorInfo="Adobe Animate" platform="Windows" versionInfo="Saved by Animate Windows 21.0 build 37179" majorVersion="21" buildNumber="37179" viewAngle3D="84.5182101128788" vanishingPoint3DX="480" vanishingPoint3DY="80" nextSceneIdentifier="2" playOptionsPlayLoop="false" playOptionsPlayPages="false" playOptionsPlayFrameActions="false" filetypeGUID="3CE50BB6-55CF-47A6-B591-01286DDDC64C" fileGUID="B9A6F588EE76B94394AEFC613E2B2981">
     <media>
          <DOMBitmapItem name="bb.png" itemID="617ba11e-000001ae" sourceExternalFilepath="../../../../../Users/juayw/Desktop/40_juayweitian_project_banner/LIBRARY/bb.png" sourceLastImported="1635492108" allowSmoothing="true" useImportedJPEGData="false" compressionType="lossless" originalCompressionType="lossless" quality="50" href="bb.png" bitmapDataHRef="M 6 1635492126.dat" frameRight="19200" frameBottom="3160"/>
          <DOMBitmapItem name="Bitmap 3" itemID="617b9ffa-000001a1" sourceExternalFilepath="../../../../../Users/juayw/Desktop/40_juayweitian_project_banner/LIBRARY/Bitmap 3" sourceLastImported="1635491834" allowSmoothing="true" originalCompressionType="lossless" quality="50" href="Bitmap 3" bitmapDataHRef="M 3 1635491834.dat" frameRight="19200" frameBottom="3160"/>
          <DOMBitmapItem name="ded.png" itemID="617ba085-000001aa" sourceExternalFilepath="../../../../../Users/juayw/Desktop/40_juayweitian_project_banner/LIBRARY/ded.png" sourceLastImported="1635491962" allowSmoothing="true" useImportedJPEGData="false" compressionType="lossless" originalCompressionType="lossless" quality="50" href="ded.png" bitmapDataHRef="M 5 1635491973.dat" frameRight="19200" frameBottom="3160"/>
          <DOMBitmapItem name="kk.png" itemID="617ba1a0-000001b2" sourceExternalFilepath="../../../../../Users/juayw/Desktop/40_juayweitian_project_banner/LIBRARY/kk.png" sourceLastImported="1635492244" allowSmoothing="true" useImportedJPEGData="false" compressionType="lossless" originalCompressionType="lossless" quality="50" href="kk.png" bitmapDataHRef="M 7 1635492256.dat" frameRight="19200" frameBottom="3200"/>
          <DOMBitmapItem name="Untitled-1.png" itemID="617b9ee0-00000198" sourceExternalFilepath="../../../../../Users/juayw/Desktop/40_juayweitian_project_banner/LIBRARY/Untitled-1.png" sourceLastImported="1635491536" allowSmoothing="true" useImportedJPEGData="false" compressionType="lossless" originalCompressionType="lossless" quality="50" href="Untitled-1.png" bitmapDataHRef="M 1 1635491552.dat" frameRight="19200" frameBottom="3160"/>
          <DOMBitmapItem name="Untitled-1.png copy" itemID="617b9fd8-0000019f" sourceExternalFilepath="../../../../../Users/juayw/Desktop/40_juayweitian_project_banner/LIBRARY/Untitled-1.png" sourceLastImported="1635491536" allowSmoothing="true" useImportedJPEGData="false" compressionType="lossless" originalCompressionType="lossless" quality="50" href="Untitled-1.png" bitmapDataHRef="M 2 1635491798.dat" frameRight="19200" frameBottom="3160"/>
          <DOMBitmapItem name="Untitled-1.png copy 2" itemID="617ba025-000001a6" sourceExternalFilepath="../../../../../Users/juayw/Desktop/40_juayweitian_project_banner/LIBRARY/Untitled-1.png" sourceLastImported="1635491862" allowSmoothing="true" useImportedJPEGData="false" compressionType="lossless" originalCompressionType="lossless" quality="50" href="Untitled-1.png" bitmapDataHRef="M 4 1635491875.dat" frameRight="19200" frameBottom="3160"/>
     </media>
     <symbols>
          <Include href="red.xml" loadImmediate="false" itemID="617ba261-000001b9" lastModified="1635492449"/>
          <Include href="Symbol 1.xml" loadImmediate="false" itemID="617ba272-000001c0" lastModified="1635492466"/>
          <Include href="Symbol 2.xml" loadImmediate="false" itemID="617ba472-000001f8" lastModified="1635492978"/>
     </symbols>
     <timelines>
          <DOMTimeline name="Scene 1" currentFrame="119" layerDepthEnabled="true">
               <layers>
                    <DOMLayer name="text" color="#FF4FFF" locked="true" autoNamed="false">
                         <frames>
                              <DOMFrame index="0" duration="59" keyMode="9728">
                                   <elements>
                                        <DOMBitmapInstance libraryItemName="ded.png">
                                             <matrix>
                                                  <Matrix ty="6"/>
                                             </matrix>
                                        </DOMBitmapInstance>
                                   </elements>
                              </DOMFrame>
                              <DOMFrame index="59" duration="60" keyMode="9728">
                                   <elements>
                                        <DOMBitmapInstance libraryItemName="ded.png">
                                             <matrix>
                                                  <Matrix ty="6"/>
                                             </matrix>
                                        </DOMBitmapInstance>
                                   </elements>
                              </DOMFrame>
                              <DOMFrame index="119" keyMode="9728">
                                   <elements>
                                        <DOMBitmapInstance libraryItemName="ded.png">
                                             <matrix>
                                                  <Matrix ty="6"/>
                                             </matrix>
                                        </DOMBitmapInstance>
                                   </elements>
                              </DOMFrame>
                         </frames>
                    </DOMLayer>
                    <DOMLayer name="blue" color="#9933CC" autoNamed="false">
                         <frames>
                              <DOMFrame index="0" duration="59" keyMode="9728">
                                   <elements>
                                        <DOMSymbolInstance libraryItemName="Symbol 1">
                                             <matrix>
                                                  <Matrix tx="1440" ty="79"/>
                                             </matrix>
                                             <transformationPoint>
                                                  <Point/>
                                             </transformationPoint>
                                        </DOMSymbolInstance>
                                   </elements>
                              </DOMFrame>
                              <DOMFrame index="59" duration="60" tweenType="motion" motionTweenSnap="true" keyMode="22017">
                                   <elements>
                                        <DOMSymbolInstance libraryItemName="Symbol 1" selected="true" centerPoint3DX="1440" centerPoint3DY="79">
                                             <matrix>
                                                  <Matrix tx="1440" ty="79"/>
                                             </matrix>
                                             <transformationPoint>
                                                  <Point/>
                                             </transformationPoint>
                                        </DOMSymbolInstance>
                                   </elements>
                              </DOMFrame>
                              <DOMFrame index="119" keyMode="9728">
                                   <elements>
                                        <DOMSymbolInstance libraryItemName="Symbol 1" centerPoint3DX="480" centerPoint3DY="79">
                                             <matrix>
                                                  <Matrix tx="480" ty="79"/>
                                             </matrix>
                                             <transformationPoint>
                                                  <Point/>
                                             </transformationPoint>
                                        </DOMSymbolInstance>
                                        <DOMSymbolInstance libraryItemName="Symbol 2">
                                             <matrix>
                                                  <Matrix tx="-480" ty="85"/>
                                             </matrix>
                                             <transformationPoint>
                                                  <Point/>
                                             </transformationPoint>
                                        </DOMSymbolInstance>
                                   </elements>
                              </DOMFrame>
                         </frames>
                    </DOMLayer>
                    <DOMLayer name="red" color="#00FFFF" autoNamed="false">
                         <frames>
                              <DOMFrame index="0" duration="59" tweenType="motion" motionTweenSnap="true" keyMode="22017">
                                   <elements>
                                        <DOMSymbolInstance libraryItemName="red">
                                             <matrix>
                                                  <Matrix tx="-480" ty="85"/>
                                             </matrix>
                                             <transformationPoint>
                                                  <Point/>
                                             </transformationPoint>
                                        </DOMSymbolInstance>
                                   </elements>
                              </DOMFrame>
                              <DOMFrame index="59" duration="60" keyMode="9728">
                                   <elements>
                                        <DOMSymbolInstance libraryItemName="red" centerPoint3DX="480" centerPoint3DY="85">
                                             <matrix>
                                                  <Matrix tx="480" ty="85"/>
                                             </matrix>
                                             <transformationPoint>
                                                  <Point/>
                                             </transformationPoint>
                                        </DOMSymbolInstance>
                                   </elements>
                              </DOMFrame>
                              <DOMFrame index="119" keyMode="9728">
                                   <elements>
                                        <DOMSymbolInstance libraryItemName="red" centerPoint3DX="480" centerPoint3DY="85">
                                             <matrix>
                                                  <Matrix tx="480" ty="85"/>
                                             </matrix>
                                             <transformationPoint>
                                                  <Point/>
                                             </transformationPoint>
                                        </DOMSymbolInstance>
                                   </elements>
                              </DOMFrame>
                         </frames>
                    </DOMLayer>
                    <DOMLayer name="background" color="#FF800A" locked="true" autoNamed="false">
                         <frames>
                              <DOMFrame index="0" duration="59" keyMode="9728">
                                   <elements>
                                        <DOMBitmapInstance libraryItemName="kk.png"/>
                                   </elements>
                              </DOMFrame>
                              <DOMFrame index="59" duration="60" keyMode="9728">
                                   <elements>
                                        <DOMBitmapInstance libraryItemName="kk.png"/>
                                   </elements>
                              </DOMFrame>
                              <DOMFrame index="119" keyMode="9728">
                                   <elements>
                                        <DOMBitmapInstance libraryItemName="kk.png"/>
                                   </elements>
                              </DOMFrame>
                              <DOMFrame index="120" duration="59" keyMode="9728">
                                   <elements>
                                        <DOMBitmapInstance libraryItemName="ded.png">
                                             <matrix>
                                                  <Matrix ty="6"/>
                                             </matrix>
                                        </DOMBitmapInstance>
                                   </elements>
                              </DOMFrame>
                              <DOMFrame index="179" duration="60" keyMode="9728">
                                   <elements>
                                        <DOMBitmapInstance libraryItemName="ded.png">
                                             <matrix>
                                                  <Matrix ty="6"/>
                                             </matrix>
                                        </DOMBitmapInstance>
                                   </elements>
                              </DOMFrame>
                              <DOMFrame index="239" keyMode="9728">
                                   <elements>
                                        <DOMBitmapInstance libraryItemName="ded.png">
                                             <matrix>
                                                  <Matrix ty="6"/>
                                             </matrix>
                                        </DOMBitmapInstance>
                                   </elements>
                              </DOMFrame>
                         </frames>
                    </DOMLayer>
                    <DOMLayer name="blue" color="#009999" autoNamed="false">
                         <frames>
                              <DOMFrame index="0" duration="120" keyMode="9728">
                                   <elements/>
                              </DOMFrame>
                              <DOMFrame index="120" duration="59" keyMode="9728">
                                   <elements>
                                        <DOMSymbolInstance libraryItemName="Symbol 1">
                                             <matrix>
                                                  <Matrix tx="1440" ty="79"/>
                                             </matrix>
                                             <transformationPoint>
                                                  <Point/>
                                             </transformationPoint>
                                        </DOMSymbolInstance>
                                   </elements>
                              </DOMFrame>
                              <DOMFrame index="179" duration="60" tweenType="motion" motionTweenSnap="true" keyMode="22017">
                                   <elements>
                                        <DOMSymbolInstance libraryItemName="Symbol 1" selected="true" centerPoint3DX="1440" centerPoint3DY="79">
                                             <matrix>
                                                  <Matrix tx="1440" ty="79"/>
                                             </matrix>
                                             <transformationPoint>
                                                  <Point/>
                                             </transformationPoint>
                                        </DOMSymbolInstance>
                                   </elements>
                              </DOMFrame>
                              <DOMFrame index="239" keyMode="9728">
                                   <elements>
                                        <DOMSymbolInstance libraryItemName="Symbol 1" selected="true" centerPoint3DX="480" centerPoint3DY="79">
                                             <matrix>
                                                  <Matrix tx="480" ty="79"/>
                                             </matrix>
                                             <transformationPoint>
                                                  <Point/>
                                             </transformationPoint>
                                        </DOMSymbolInstance>
                                        <DOMSymbolInstance libraryItemName="Symbol 2" selected="true">
                                             <matrix>
                                                  <Matrix tx="-480" ty="85"/>
                                             </matrix>
                                             <transformationPoint>
                                                  <Point/>
                                             </transformationPoint>
                                        </DOMSymbolInstance>
                                   </elements>
                              </DOMFrame>
                         </frames>
                    </DOMLayer>
                    <DOMLayer name="red" color="#FF0000" autoNamed="false">
                         <frames>
                              <DOMFrame index="0" duration="120" keyMode="9728">
                                   <elements/>
                              </DOMFrame>
                              <DOMFrame index="120" duration="59" tweenType="motion" motionTweenSnap="true" keyMode="22017">
                                   <elements>
                                        <DOMSymbolInstance libraryItemName="red">
                                             <matrix>
                                                  <Matrix tx="-480" ty="85"/>
                                             </matrix>
                                             <transformationPoint>
                                                  <Point/>
                                             </transformationPoint>
                                        </DOMSymbolInstance>
                                   </elements>
                              </DOMFrame>
                              <DOMFrame index="179" duration="60" keyMode="9728">
                                   <elements>
                                        <DOMSymbolInstance libraryItemName="red" centerPoint3DX="480" centerPoint3DY="85">
                                             <matrix>
                                                  <Matrix tx="480" ty="85"/>
                                             </matrix>
                                             <transformationPoint>
                                                  <Point/>
                                             </transformationPoint>
                                        </DOMSymbolInstance>
                                   </elements>
                              </DOMFrame>
                              <DOMFrame index="239" keyMode="9728">
                                   <elements>
                                        <DOMSymbolInstance libraryItemName="red" selected="true" centerPoint3DX="480" centerPoint3DY="85">
                                             <matrix>
                                                  <Matrix tx="480" ty="85"/>
                                             </matrix>
                                             <transformationPoint>
                                                  <Point/>
                                             </transformationPoint>
                                        </DOMSymbolInstance>
                                   </elements>
                              </DOMFrame>
                         </frames>
                    </DOMLayer>
                    <DOMLayer name="background" color="#669900" locked="true" current="true" isSelected="true" autoNamed="false">
                         <frames>
                              <DOMFrame index="0" duration="120" keyMode="9728">
                                   <elements/>
                              </DOMFrame>
                              <DOMFrame index="120" duration="59" keyMode="9728">
                                   <elements>
                                        <DOMBitmapInstance libraryItemName="kk.png"/>
                                   </elements>
                              </DOMFrame>
                              <DOMFrame index="179" duration="60" keyMode="9728">
                                   <elements>
                                        <DOMBitmapInstance libraryItemName="kk.png"/>
                                   </elements>
                              </DOMFrame>
                              <DOMFrame index="239" keyMode="9728">
                                   <elements>
                                        <DOMBitmapInstance libraryItemName="kk.png"/>
                                   </elements>
                              </DOMFrame>
                         </frames>
                    </DOMLayer>
               </layers>
          </DOMTimeline>
     </timelines>
     <scripts>
          <GlobalScripts language="Javascript"/>
     </scripts>
     <persistentData>
          <PD n="CreateJSToolkit_timelinedata" v="version&#xA;0.1&#xA;loop&#xA;true"/>
     </persistentData>
     <PrinterSettings/>
     <publishHistory/>
</DOMDocument>